<?xml version="1.0"?>
<!DOCTYPE target SYSTEM "gdb-target.dtd">
<target version="1.0">
  <architecture>arm</architecture>
  <osabi>3DS</osabi>
  <feature name="org.gnu.gdb.arm.core">
    <reg name="r0" bitsize="32"/>
    <reg name="r1" bitsize="32"/>
    <reg name="r2" bitsize="32"/>
    <reg name="r3" bitsize="32"/>
    <reg name="r4" bitsize="32"/>
    <reg name="r5" bitsize="32"/>
    <reg name="r6" bitsize="32"/>
    <reg name="r7" bitsize="32"/>
    <reg name="r8" bitsize="32"/>
    <reg name="r9" bitsize="32"/>
    <reg name="r10" bitsize="32"/>
    <reg name="r11" bitsize="32"/>
    <reg name="r12" bitsize="32"/>
    <reg name="sp" bitsize="32" type="data_ptr"/>
    <reg name="lr" bitsize="32"/>
    <reg name="pc" bitsize="32" type="code_ptr"/>
    <reg name="cpsr" bitsize="32" regnum="25"/>
  </feature>
  <feature name="org.gnu.gdb.arm.vfp">
    <reg name="d0" bitsize="64" type="float"/>
    <reg name="d1" bitsize="64" type="float"/>
    <reg name="d2" bitsize="64" type="float"/>
    <reg name="d3" bitsize="64" type="float"/>
    <reg name="d4" bitsize="64" type="float"/>
    <reg name="d5" bitsize="64" type="float"/>
    <reg name="d6" bitsize="64" type="float"/>
    <reg name="d7" bitsize="64" type="float"/>
    <reg name="d8" bitsize="64" type="float"/>
    <reg name="d9" bitsize="64" type="float"/>
    <reg name="d10" bitsize="64" type="float"/>
    <reg name="d11" bitsize="64" type="float"/>
    <reg name="d12" bitsize="64" type="float"/>
    <reg name="d13" bitsize="64" type="float"/>
    <reg name="d14" bitsize="64" type="float"/>
    <reg name="d15" bitsize="64" type="float"/>
    <reg name="fpscr" bitsize="32" type="int" group="float"/>
    <reg name="fpexc" bitsize="32" type="int" group="float"/>
  </feature>
</target>
